Pawgologist, Agrafeuse
Pawgologist, Stylos à bille
Pawgologist, Agrafeuse
Pawgologist, Cahier de notes
Pawgologist, Agrafeuse
Pawgologist, Agrafeuse
Pawgologist, Agrafeuse
Pawgologist, Agrafeuse
Pawgologist, Agrafeuse
Pawgologist, Agrafeuse
Pawgologist, Agrafeuse
Pawgologist, Agrafeuse
Pawgologist, Agrafeuse
Pawgologist, Agrafeuse
Pawgologist, Agrafeuse
Pawgologist, Agrafeuse
Pawgologist, Agrafeuse
Pawgologist, Étiqueteuse
Pawgologist, Poubelle de bureau
Pawgologist, Agrafeuse
Pawgologist, Étiqueteuse
Pawgologist, Cahier de notes
Pawgologist, Trombones
Pawgologist, Calendrier de bureau
Pawgologist, Agrafeuse