Patates4, Règle en plastique
Patates4, Souris sans fil
Random1, Crayon
Random1, Crayon
Patates7, Cahier de notes
Patates7, Corbeille à papier
Patates5, Trombones
Patates5, Agrafeuse
Patates8, Souris sans fil
Patates8, Papier
Random1, Trombones
Random1, Cahier de notes
Random1, Cahier de notes
Random1, Calendrier de bureau
Random2, Corbeille à papier
Random2, Souris sans fil
Patates7, Bloc-notes adhésifs
Patates7, Moniteur LED 24 pouces
Patates7, Organisateur de bureau
Patates7, PapierPatates7, AgrafeusePatates7, AgrafeuseRandom1, PerforateurRandom1, PerforateurRandom1, Coussin de chaiseRandom1, Coussin de chaiseRandom1, Cahier de notesRandom1, Cahier de notesRandom1, TrombonesRandom1, Trombones